"dropped_snp","ivw_estimate","ivw_or","pval"
"rs1810126",0.0221636811082612,1.02241112016047,0.697601879826258
"rs567754",0.0454628413198422,1.04651211688241,0.269766675936189
"rs6859667",0.0136254558861114,1.01371870545145,0.761934901009883
"rs7700970",0.0416571871070888,1.04253702235133,0.370984066591138
"rs921943",-0.0195847322272705,0.980605802754671,0.687714531303541
