"score","AUROC","n","vs_HFS_dAUROC","vs_HFS_p"
"HFS",0.730501921873603,2810,NA,NA
"NFS",0.759766420349016,2810,-0.0292644984754129,0.0248805115889076
"APRI",0.658108245681992,2810,0.0723936761916113,6.00096616933957e-06
"FIB-4",0.673610490350903,2810,0.0568914315226999,1.6742903517617e-06
