"pseudo_R2_baseline","pseudo_R2_with_ratios","delta_R2"
0.057715234220325,0.0632294134107712,0.00551417919044617
