"analysis","hypothesized_effect","SE","power","type_S","type_M"
"MetALD_n576_OR1.30",0.262364264467491,0.128,0.535790173400995,5.67384924163164e-05,1.35723750946655
"MetALD_n576_OR1.15",0.139761942375159,0.128,0.193814126652886,0.00586728575952421,2.29351439015061
"HFS_high_n5_NRI0.20",0.2,0.438,0.074208745261026,0.105559447644912,5.20694532978049
"Continuous_dAUROC_n2810",0.057,0.012,0.997364891076074,9.75933973543526e-12,1.0012451772356
