"exposure","beta","se","OR","lci","uci","p","n","sensitivity"
"DR1TSELE",0.0222170004426043,0.0336297597085794,1.02246563589418,0.957243643917977,1.09213154166847,0.521327077645287,5885,"S2a_diet_only"
"LBXBSE",0.0946125019911402,0.0370657230739827,1.09923282205813,1.02220666212239,1.18206312075982,0.0253460558557964,5885,"S2b_blood_only"
"DR1TSELE",0.0370537168504439,0.0329871673027231,1.03774876393612,0.972776299677611,1.10706078818723,0.283290453192243,5738,"S6_IQR30_diet"
"LBXBSE",0.100539198178877,0.0369579672880821,1.10576698490665,1.0285001565206,1.18883854042959,0.0185952011494644,5738,"S6_IQR30_blood"
"DR1TSELE",0.0363864215898577,0.0354012054313361,1.03705651009881,0.967538616620051,1.11156928174647,0.324302694692652,5652,"S7_trim_diet"
"LBXBSE",0.136437410659012,0.0334007275819885,1.1461831366835,1.07355114948038,1.22372910080112,0.00151279071577071,5652,"S7_trim_blood"
